"parent_class"	"child_class"
"302f5076-7f8e-11e3-bc66-f07bcb4eb64e"	"3028fea6-7f8e-11e3-bc66-f07bcb4eb64e"
"302f5076-7f8e-11e3-bc66-f07bcb4eb64e"	"30292f98-7f8e-11e3-bc66-f07bcb4eb64e"
"30292f98-7f8e-11e3-bc66-f07bcb4eb64e"	"30296aa8-7f8e-11e3-bc66-f07bcb4eb64e"
"302f5076-7f8e-11e3-bc66-f07bcb4eb64e"	"3029a810-7f8e-11e3-bc66-f07bcb4eb64e"
"3029a810-7f8e-11e3-bc66-f07bcb4eb64e"	"302a0238-7f8e-11e3-bc66-f07bcb4eb64e"
"302e6ee0-7f8e-11e3-bc66-f07bcb4eb64e"	"302a2ed4-7f8e-11e3-bc66-f07bcb4eb64e"
"302d9e7a-7f8e-11e3-bc66-f07bcb4eb64e"	"302a5b2a-7f8e-11e3-bc66-f07bcb4eb64e"
"302d9e7a-7f8e-11e3-bc66-f07bcb4eb64e"	"302a7b96-7f8e-11e3-bc66-f07bcb4eb64e"
"302e38f8-7f8e-11e3-bc66-f07bcb4eb64e"	"302a9194-7f8e-11e3-bc66-f07bcb4eb64e"
"302e6ee0-7f8e-11e3-bc66-f07bcb4eb64e"	"302aa508-7f8e-11e3-bc66-f07bcb4eb64e"
"302de380-7f8e-11e3-bc66-f07bcb4eb64e"	"302ab9bc-7f8e-11e3-bc66-f07bcb4eb64e"
"302db7a2-7f8e-11e3-bc66-f07bcb4eb64e"	"302ad028-7f8e-11e3-bc66-f07bcb4eb64e"
"302db7a2-7f8e-11e3-bc66-f07bcb4eb64e"	"302aeea0-7f8e-11e3-bc66-f07bcb4eb64e"
"302db7a2-7f8e-11e3-bc66-f07bcb4eb64e"	"302b0c46-7f8e-11e3-bc66-f07bcb4eb64e"
"302e6ee0-7f8e-11e3-bc66-f07bcb4eb64e"	"302b2af0-7f8e-11e3-bc66-f07bcb4eb64e"
"302e6ee0-7f8e-11e3-bc66-f07bcb4eb64e"	"302b4756-7f8e-11e3-bc66-f07bcb4eb64e"
"302e6ee0-7f8e-11e3-bc66-f07bcb4eb64e"	"302b7c76-7f8e-11e3-bc66-f07bcb4eb64e"
"302a0238-7f8e-11e3-bc66-f07bcb4eb64e"	"302b9846-7f8e-11e3-bc66-f07bcb4eb64e"
"302a0238-7f8e-11e3-bc66-f07bcb4eb64e"	"302bb632-7f8e-11e3-bc66-f07bcb4eb64e"
"302a0238-7f8e-11e3-bc66-f07bcb4eb64e"	"302bd6d0-7f8e-11e3-bc66-f07bcb4eb64e"
"30292f98-7f8e-11e3-bc66-f07bcb4eb64e"	"302bef12-7f8e-11e3-bc66-f07bcb4eb64e"
"302f5076-7f8e-11e3-bc66-f07bcb4eb64e"	"302c0060-7f8e-11e3-bc66-f07bcb4eb64e"
"30292f98-7f8e-11e3-bc66-f07bcb4eb64e"	"302c1172-7f8e-11e3-bc66-f07bcb4eb64e"
"30296aa8-7f8e-11e3-bc66-f07bcb4eb64e"	"302c2fc2-7f8e-11e3-bc66-f07bcb4eb64e"
"302edd1c-7f8e-11e3-bc66-f07bcb4eb64e"	"302c426e-7f8e-11e3-bc66-f07bcb4eb64e"
"302f3514-7f8e-11e3-bc66-f07bcb4eb64e"	"302c52cc-7f8e-11e3-bc66-f07bcb4eb64e"
"302a0238-7f8e-11e3-bc66-f07bcb4eb64e"	"302c63c0-7f8e-11e3-bc66-f07bcb4eb64e"
"302a0238-7f8e-11e3-bc66-f07bcb4eb64e"	"302c73e2-7f8e-11e3-bc66-f07bcb4eb64e"
"302e38f8-7f8e-11e3-bc66-f07bcb4eb64e"	"302c8eae-7f8e-11e3-bc66-f07bcb4eb64e"
"30296aa8-7f8e-11e3-bc66-f07bcb4eb64e"	"302d8138-7f8e-11e3-bc66-f07bcb4eb64e"
"302f5076-7f8e-11e3-bc66-f07bcb4eb64e"	"302d9e7a-7f8e-11e3-bc66-f07bcb4eb64e"
"302d9e7a-7f8e-11e3-bc66-f07bcb4eb64e"	"302db7a2-7f8e-11e3-bc66-f07bcb4eb64e"
"302f5076-7f8e-11e3-bc66-f07bcb4eb64e"	"302de380-7f8e-11e3-bc66-f07bcb4eb64e"
"302f5076-7f8e-11e3-bc66-f07bcb4eb64e"	"302e0068-7f8e-11e3-bc66-f07bcb4eb64e"
"302f5076-7f8e-11e3-bc66-f07bcb4eb64e"	"302e0068-7f8e-11e3-bc66-f07bcb4eb64e"
"302f5076-7f8e-11e3-bc66-f07bcb4eb64e"	"302e1b3e-7f8e-11e3-bc66-f07bcb4eb64e"
"302e1b3e-7f8e-11e3-bc66-f07bcb4eb64e"	"302e38f8-7f8e-11e3-bc66-f07bcb4eb64e"
"302e0068-7f8e-11e3-bc66-f07bcb4eb64e"	"302e38f8-7f8e-11e3-bc66-f07bcb4eb64e"
"302d9e7a-7f8e-11e3-bc66-f07bcb4eb64e"	"302e8ad8-7f8e-11e3-bc66-f07bcb4eb64e"
"302e6ee0-7f8e-11e3-bc66-f07bcb4eb64e"	"302e8ad8-7f8e-11e3-bc66-f07bcb4eb64e"
"303a7550-7f8e-11e3-bc66-f07bcb4eb64e"	"302ec2b4-7f8e-11e3-bc66-f07bcb4eb64e"
"302f5076-7f8e-11e3-bc66-f07bcb4eb64e"	"302edd1c-7f8e-11e3-bc66-f07bcb4eb64e"
"302f5076-7f8e-11e3-bc66-f07bcb4eb64e"	"302efc84-7f8e-11e3-bc66-f07bcb4eb64e"
"302f5076-7f8e-11e3-bc66-f07bcb4eb64e"	"302f1674-7f8e-11e3-bc66-f07bcb4eb64e"
"302edd1c-7f8e-11e3-bc66-f07bcb4eb64e"	"302f3514-7f8e-11e3-bc66-f07bcb4eb64e"
"302c8eae-7f8e-11e3-bc66-f07bcb4eb64e"	"303088ce-7f8e-11e3-bc66-f07bcb4eb64e"
"303f424c-7f8e-11e3-bc66-f07bcb4eb64e"	"3030a098-7f8e-11e3-bc66-f07bcb4eb64e"
"303e68c2-7f8e-11e3-bc66-f07bcb4eb64e"	"3030a098-7f8e-11e3-bc66-f07bcb4eb64e"
"3031aaec-7f8e-11e3-bc66-f07bcb4eb64e"	"3030ccc6-7f8e-11e3-bc66-f07bcb4eb64e"
"302e0068-7f8e-11e3-bc66-f07bcb4eb64e"	"3030ccc6-7f8e-11e3-bc66-f07bcb4eb64e"
"302f5076-7f8e-11e3-bc66-f07bcb4eb64e"	"3030f444-7f8e-11e3-bc66-f07bcb4eb64e"
"303edd0c-7f8e-11e3-bc66-f07bcb4eb64e"	"3031070e-7f8e-11e3-bc66-f07bcb4eb64e"
"303df3b0-7f8e-11e3-bc66-f07bcb4eb64e"	"3031070e-7f8e-11e3-bc66-f07bcb4eb64e"
"3037e222-7f8e-11e3-bc66-f07bcb4eb64e"	"3031aaec-7f8e-11e3-bc66-f07bcb4eb64e"
"303a7550-7f8e-11e3-bc66-f07bcb4eb64e"	"3031aaec-7f8e-11e3-bc66-f07bcb4eb64e"
"302c8eae-7f8e-11e3-bc66-f07bcb4eb64e"	"303226fc-7f8e-11e3-bc66-f07bcb4eb64e"
"302f1674-7f8e-11e3-bc66-f07bcb4eb64e"	"30323e12-7f8e-11e3-bc66-f07bcb4eb64e"
"302aeea0-7f8e-11e3-bc66-f07bcb4eb64e"	"3032f08c-7f8e-11e3-bc66-f07bcb4eb64e"
"302bef12-7f8e-11e3-bc66-f07bcb4eb64e"	"30330bc6-7f8e-11e3-bc66-f07bcb4eb64e"
"302c426e-7f8e-11e3-bc66-f07bcb4eb64e"	"3033249e-7f8e-11e3-bc66-f07bcb4eb64e"
"302c426e-7f8e-11e3-bc66-f07bcb4eb64e"	"30333aa6-7f8e-11e3-bc66-f07bcb4eb64e"
"302b0c46-7f8e-11e3-bc66-f07bcb4eb64e"	"30338c90-7f8e-11e3-bc66-f07bcb4eb64e"
"302b0c46-7f8e-11e3-bc66-f07bcb4eb64e"	"3033ba9e-7f8e-11e3-bc66-f07bcb4eb64e"
"302c426e-7f8e-11e3-bc66-f07bcb4eb64e"	"3033cdb8-7f8e-11e3-bc66-f07bcb4eb64e"
"302c426e-7f8e-11e3-bc66-f07bcb4eb64e"	"3034454a-7f8e-11e3-bc66-f07bcb4eb64e"
"30323e12-7f8e-11e3-bc66-f07bcb4eb64e"	"30345a12-7f8e-11e3-bc66-f07bcb4eb64e"
"302c8eae-7f8e-11e3-bc66-f07bcb4eb64e"	"30346cbe-7f8e-11e3-bc66-f07bcb4eb64e"
"302c426e-7f8e-11e3-bc66-f07bcb4eb64e"	"303480a0-7f8e-11e3-bc66-f07bcb4eb64e"
"302aa508-7f8e-11e3-bc66-f07bcb4eb64e"	"30349310-7f8e-11e3-bc66-f07bcb4eb64e"
"302ca7f4-7f8e-11e3-bc66-f07bcb4eb64e"	"3034a850-7f8e-11e3-bc66-f07bcb4eb64e"
"302c8eae-7f8e-11e3-bc66-f07bcb4eb64e"	"3034f648-7f8e-11e3-bc66-f07bcb4eb64e"
"302c2fc2-7f8e-11e3-bc66-f07bcb4eb64e"	"30350ee4-7f8e-11e3-bc66-f07bcb4eb64e"
"302b0c46-7f8e-11e3-bc66-f07bcb4eb64e"	"30352cee-7f8e-11e3-bc66-f07bcb4eb64e"
"302ad028-7f8e-11e3-bc66-f07bcb4eb64e"	"30354828-7f8e-11e3-bc66-f07bcb4eb64e"
"302c8eae-7f8e-11e3-bc66-f07bcb4eb64e"	"303562b8-7f8e-11e3-bc66-f07bcb4eb64e"
"302ab9bc-7f8e-11e3-bc66-f07bcb4eb64e"	"303599cc-7f8e-11e3-bc66-f07bcb4eb64e"
"302aeea0-7f8e-11e3-bc66-f07bcb4eb64e"	"3035b52e-7f8e-11e3-bc66-f07bcb4eb64e"
"302c2fc2-7f8e-11e3-bc66-f07bcb4eb64e"	"3035cde8-7f8e-11e3-bc66-f07bcb4eb64e"
"303f424c-7f8e-11e3-bc66-f07bcb4eb64e"	"3036043e-7f8e-11e3-bc66-f07bcb4eb64e"
"303e68c2-7f8e-11e3-bc66-f07bcb4eb64e"	"3036043e-7f8e-11e3-bc66-f07bcb4eb64e"
"302c73e2-7f8e-11e3-bc66-f07bcb4eb64e"	"30365268-7f8e-11e3-bc66-f07bcb4eb64e"
"302aeea0-7f8e-11e3-bc66-f07bcb4eb64e"	"30372788-7f8e-11e3-bc66-f07bcb4eb64e"
"302bef12-7f8e-11e3-bc66-f07bcb4eb64e"	"30374218-7f8e-11e3-bc66-f07bcb4eb64e"
"302c426e-7f8e-11e3-bc66-f07bcb4eb64e"	"30377652-7f8e-11e3-bc66-f07bcb4eb64e"
"302c426e-7f8e-11e3-bc66-f07bcb4eb64e"	"30377652-7f8e-11e3-bc66-f07bcb4eb64e"
"302bef12-7f8e-11e3-bc66-f07bcb4eb64e"	"3037c440-7f8e-11e3-bc66-f07bcb4eb64e"
"3030f444-7f8e-11e3-bc66-f07bcb4eb64e"	"3037e222-7f8e-11e3-bc66-f07bcb4eb64e"
"3038b6f2-7f8e-11e3-bc66-f07bcb4eb64e"	"3037e222-7f8e-11e3-bc66-f07bcb4eb64e"
"303f5304-7f8e-11e3-bc66-f07bcb4eb64e"	"3037e222-7f8e-11e3-bc66-f07bcb4eb64e"
"302c426e-7f8e-11e3-bc66-f07bcb4eb64e"	"303832fe-7f8e-11e3-bc66-f07bcb4eb64e"
"302ca7f4-7f8e-11e3-bc66-f07bcb4eb64e"	"30384f14-7f8e-11e3-bc66-f07bcb4eb64e"
"302f5076-7f8e-11e3-bc66-f07bcb4eb64e"	"3038b6f2-7f8e-11e3-bc66-f07bcb4eb64e"
"3031070e-7f8e-11e3-bc66-f07bcb4eb64e"	"30392100-7f8e-11e3-bc66-f07bcb4eb64e"
"302aa508-7f8e-11e3-bc66-f07bcb4eb64e"	"30393c3a-7f8e-11e3-bc66-f07bcb4eb64e"
"302bef12-7f8e-11e3-bc66-f07bcb4eb64e"	"303954ea-7f8e-11e3-bc66-f07bcb4eb64e"
"302aeea0-7f8e-11e3-bc66-f07bcb4eb64e"	"303970b0-7f8e-11e3-bc66-f07bcb4eb64e"
"302aa508-7f8e-11e3-bc66-f07bcb4eb64e"	"3039a3a0-7f8e-11e3-bc66-f07bcb4eb64e"
"302ab9bc-7f8e-11e3-bc66-f07bcb4eb64e"	"3039c182-7f8e-11e3-bc66-f07bcb4eb64e"
"302ca7f4-7f8e-11e3-bc66-f07bcb4eb64e"	"3039dc6c-7f8e-11e3-bc66-f07bcb4eb64e"
"302aa508-7f8e-11e3-bc66-f07bcb4eb64e"	"3039f738-7f8e-11e3-bc66-f07bcb4eb64e"
"302c426e-7f8e-11e3-bc66-f07bcb4eb64e"	"303a2550-7f8e-11e3-bc66-f07bcb4eb64e"
"303a7550-7f8e-11e3-bc66-f07bcb4eb64e"	"303a3900-7f8e-11e3-bc66-f07bcb4eb64e"
"302bef12-7f8e-11e3-bc66-f07bcb4eb64e"	"303a4e7c-7f8e-11e3-bc66-f07bcb4eb64e"
"302f5076-7f8e-11e3-bc66-f07bcb4eb64e"	"303a611e-7f8e-11e3-bc66-f07bcb4eb64e"
"302f5076-7f8e-11e3-bc66-f07bcb4eb64e"	"303a7550-7f8e-11e3-bc66-f07bcb4eb64e"
"302bef12-7f8e-11e3-bc66-f07bcb4eb64e"	"303a878e-7f8e-11e3-bc66-f07bcb4eb64e"
"302bef12-7f8e-11e3-bc66-f07bcb4eb64e"	"303a9d8c-7f8e-11e3-bc66-f07bcb4eb64e"
"303df3b0-7f8e-11e3-bc66-f07bcb4eb64e"	"303ab09c-7f8e-11e3-bc66-f07bcb4eb64e"
"303e68c2-7f8e-11e3-bc66-f07bcb4eb64e"	"303ab09c-7f8e-11e3-bc66-f07bcb4eb64e"
"302ab9bc-7f8e-11e3-bc66-f07bcb4eb64e"	"303ad856-7f8e-11e3-bc66-f07bcb4eb64e"
"302aeea0-7f8e-11e3-bc66-f07bcb4eb64e"	"303aeddc-7f8e-11e3-bc66-f07bcb4eb64e"
"303f424c-7f8e-11e3-bc66-f07bcb4eb64e"	"303b16b8-7f8e-11e3-bc66-f07bcb4eb64e"
"303e68c2-7f8e-11e3-bc66-f07bcb4eb64e"	"303b16b8-7f8e-11e3-bc66-f07bcb4eb64e"
"302f5076-7f8e-11e3-bc66-f07bcb4eb64e"	"303b420a-7f8e-11e3-bc66-f07bcb4eb64e"
"302f5076-7f8e-11e3-bc66-f07bcb4eb64e"	"303b577c-7f8e-11e3-bc66-f07bcb4eb64e"
"302aa508-7f8e-11e3-bc66-f07bcb4eb64e"	"303b9840-7f8e-11e3-bc66-f07bcb4eb64e"
"302edd1c-7f8e-11e3-bc66-f07bcb4eb64e"	"303bad94-7f8e-11e3-bc66-f07bcb4eb64e"
"302ca7f4-7f8e-11e3-bc66-f07bcb4eb64e"	"303be8f4-7f8e-11e3-bc66-f07bcb4eb64e"
"302c8eae-7f8e-11e3-bc66-f07bcb4eb64e"	"303c1176-7f8e-11e3-bc66-f07bcb4eb64e"
"303a611e-7f8e-11e3-bc66-f07bcb4eb64e"	"303ca500-7f8e-11e3-bc66-f07bcb4eb64e"
"302c8eae-7f8e-11e3-bc66-f07bcb4eb64e"	"303cc44a-7f8e-11e3-bc66-f07bcb4eb64e"
"3031070e-7f8e-11e3-bc66-f07bcb4eb64e"	"303d2d0e-7f8e-11e3-bc66-f07bcb4eb64e"
"302c426e-7f8e-11e3-bc66-f07bcb4eb64e"	"303d4c12-7f8e-11e3-bc66-f07bcb4eb64e"
"302aa508-7f8e-11e3-bc66-f07bcb4eb64e"	"303d603a-7f8e-11e3-bc66-f07bcb4eb64e"
"302a5b2a-7f8e-11e3-bc66-f07bcb4eb64e"	"303d6fb2-7f8e-11e3-bc66-f07bcb4eb64e"
"302a5b2a-7f8e-11e3-bc66-f07bcb4eb64e"	"303d9fc8-7f8e-11e3-bc66-f07bcb4eb64e"
"302c8eae-7f8e-11e3-bc66-f07bcb4eb64e"	"303dbd82-7f8e-11e3-bc66-f07bcb4eb64e"
"302ab9bc-7f8e-11e3-bc66-f07bcb4eb64e"	"303dd07e-7f8e-11e3-bc66-f07bcb4eb64e"
"303ca500-7f8e-11e3-bc66-f07bcb4eb64e"	"303df3b0-7f8e-11e3-bc66-f07bcb4eb64e"
"302b0c46-7f8e-11e3-bc66-f07bcb4eb64e"	"303e0404-7f8e-11e3-bc66-f07bcb4eb64e"
"302b0c46-7f8e-11e3-bc66-f07bcb4eb64e"	"303e242a-7f8e-11e3-bc66-f07bcb4eb64e"
"302c426e-7f8e-11e3-bc66-f07bcb4eb64e"	"303e3302-7f8e-11e3-bc66-f07bcb4eb64e"
"302ca7f4-7f8e-11e3-bc66-f07bcb4eb64e"	"303e4608-7f8e-11e3-bc66-f07bcb4eb64e"
"302c426e-7f8e-11e3-bc66-f07bcb4eb64e"	"303e5576-7f8e-11e3-bc66-f07bcb4eb64e"
"303ca500-7f8e-11e3-bc66-f07bcb4eb64e"	"303e68c2-7f8e-11e3-bc66-f07bcb4eb64e"
"302bef12-7f8e-11e3-bc66-f07bcb4eb64e"	"303e798e-7f8e-11e3-bc66-f07bcb4eb64e"
"302bef12-7f8e-11e3-bc66-f07bcb4eb64e"	"303e8c94-7f8e-11e3-bc66-f07bcb4eb64e"
"302b0c46-7f8e-11e3-bc66-f07bcb4eb64e"	"303e9d06-7f8e-11e3-bc66-f07bcb4eb64e"
"302ca7f4-7f8e-11e3-bc66-f07bcb4eb64e"	"303ebd9a-7f8e-11e3-bc66-f07bcb4eb64e"
"302c8eae-7f8e-11e3-bc66-f07bcb4eb64e"	"303ecc72-7f8e-11e3-bc66-f07bcb4eb64e"
"302f5076-7f8e-11e3-bc66-f07bcb4eb64e"	"303edd0c-7f8e-11e3-bc66-f07bcb4eb64e"
"302efc84-7f8e-11e3-bc66-f07bcb4eb64e"	"303eec3e-7f8e-11e3-bc66-f07bcb4eb64e"
"302edd1c-7f8e-11e3-bc66-f07bcb4eb64e"	"303f0f84-7f8e-11e3-bc66-f07bcb4eb64e"
"3037e222-7f8e-11e3-bc66-f07bcb4eb64e"	"303f0f84-7f8e-11e3-bc66-f07bcb4eb64e"
"3037e222-7f8e-11e3-bc66-f07bcb4eb64e"	"303f32f2-7f8e-11e3-bc66-f07bcb4eb64e"
"302edd1c-7f8e-11e3-bc66-f07bcb4eb64e"	"303f32f2-7f8e-11e3-bc66-f07bcb4eb64e"
"303ca500-7f8e-11e3-bc66-f07bcb4eb64e"	"303f424c-7f8e-11e3-bc66-f07bcb4eb64e"
"303f622c-7f8e-11e3-bc66-f07bcb4eb64e"	"303f5304-7f8e-11e3-bc66-f07bcb4eb64e"
"30296aa8-7f8e-11e3-bc66-f07bcb4eb64e"	"303f622c-7f8e-11e3-bc66-f07bcb4eb64e"
